<?xml version="1.0" encoding="UTF-8"?>
<map xmlns="http://www.w3.org/2005/xpath-functions">
   <map key="DUNGEON">
      <map key="monsters">
         <map key="name">
            <string key="regular">Black Dragon</string>
         </map>
         <map key="stats">
            <number key="str">180</number>
            <number key="int">150</number>
            <number key="chr">18</number>
            <number key="HP">1200.01</number>
            <number key="XP">600</number>
         </map>
         <map key="weaponry">
            <string key="effect">4D20</string>
            <string key="STRVALUE">Breath, talons</string>
         </map>
         <string key="treasure">Piles and piles of gold</string>
      </map>
      <map key="squads">
         <map key="name">
            <string key="corporate">Pep Boys</string>
         </map>
         <map key="player-characters">
            <map key="mannie">
               <string key="player">Bob</string>
               <map key="name">
                  <string key="regular"/>
               </map>
            </map>
            <map key="moe">
               <string key="player">Bill</string>
               <map key="name">
                  <string key="regular">Moe</string>
               </map>
            </map>
            <map key="jack">
               <string key="player">Biff</string>
               <map key="name">
                  <string key="regular">Jack</string>
               </map>
               <string key="backstory">Jack is ready for action. *Any* time he needs, he gets to {{ mannie }}.</string>
            </map>
         </map>
      </map>
      <map key="hordes">
         <map key="name">
            <string key="regular">Dripping Mass</string>
         </map>
         <array key="monsters">
            <map>
               <map key="name">
                  <string key="regular">Black Pudding</string>
               </map>
               <string key="website">http://blackpudding.com</string>
               <map key="stats">
                  <number key="str">1</number>
                  <number key="int">0</number>
                  <number key="chr">0</number>
                  <number key="HP">3</number>
                  <number key="XP">0</number>
               </map>
            </map>
            <map>
               <map key="name">
                  <string key="regular">Less than Royal Jelly</string>
               </map>
               <map key="stats">
                  <number key="str">3</number>
                  <number key="int">0</number>
                  <number key="chr">0</number>
                  <number key="HP">3</number>
                  <number key="XP">0</number>
               </map>
            </map>
            <map>
               <map key="name">
                  <string key="regular">Dripping Ooze</string>
               </map>
               <map key="stats">
                  <number key="str">3</number>
                  <number key="int">0</number>
                  <number key="chr">0</number>
                  <number key="HP">3</number>
                  <number key="XP">0</number>
               </map>
            </map>
         </array>
      </map>
   </map>
</map>
