
  { "DUNGEON" : 
    { "monsters" : 
      { "name" : 
        { "regular" : "Black Dragon" },
        "stats" : 
        { "str" : 180,
          "int" : 150,
          "chr" : 18,
          "HP" : 1200.01,
          "XP" : 600 },
        "weaponry" : 
        { "effect" : "4D20",
          "STRVALUE" : "Breath, talons" },
        "treasure" : "Piles and piles of gold" },
      "squads" : 
      { "name" : 
        { "corporate" : "Pep Boys" },
        "player-characters" : 
        { "mannie" : 
          { "player" : "Bob",
            "name" : 
            { "regular" : "" } },
          "moe" : 
          { "player" : "Bill",
            "name" : 
            { "regular" : "Moe" } },
          "jack" : 
          { "player" : "Biff",
            "name" : 
            { "regular" : "Jack" },
            "backstory" : "Jack is ready for action. *Any* time he needs, he gets to {{ mannie }}." } } },
      "hordes" : 
      { "name" : 
        { "regular" : "Dripping Mass" },
        "monsters" : 
        [ 
          { "name" : 
            { "regular" : "Black Pudding" },
            "website" : "http:\/\/blackpudding.com",
            "stats" : 
            { "str" : 1,
              "int" : 0,
              "chr" : 0,
              "HP" : 3,
              "XP" : 0 } },
          
          { "name" : 
            { "regular" : "Less than Royal Jelly" },
            "stats" : 
            { "str" : 3,
              "int" : 0,
              "chr" : 0,
              "HP" : 3,
              "XP" : 0 } },
          
          { "name" : 
            { "regular" : "Dripping Ooze" },
            "stats" : 
            { "str" : 3,
              "int" : 0,
              "chr" : 0,
              "HP" : 3,
              "XP" : 0 } } ] } } }