<?xml version="1.0" encoding="UTF-8"?>
<DUNGEON xmlns="urn:example:dragon-schema">
   <monster>
      <name style="regular">Black Dragon</name>
      <stats str="180" int="150" chr="18" HP="1200.01" XP="600"/>
      <weapon effect="4D20">Breath, talons</weapon>
      <loot>Piles and piles of gold</loot>
   </monster>
   <squad>
      <name style="corporate">Pep Boys</name>
      <PC who="mannie">
         <player>Bob</player>
         <name style="regular"/>
      </PC>
      <PC who="moe">
         <player>Bill</player>
         <name style="regular">Moe</name>
      </PC>
      <PC who="jack">
         <player>Biff</player>
         <name style="regular">Jack</name>
         <backstory>
            <p>Jack is ready for action. <em>Any</em> time he needs, he gets to <insert param-id="mannie"/>.</p>
         </backstory>
      </PC>
   </squad>
   <horde>
      <name style="regular">Dripping Mass</name>
      <monster>
         <name style="regular">Black Pudding</name>
         <website>http://blackpudding.com</website>
         <stats str="1" int="0" chr="0" HP="3" XP="0"/>
      </monster>
      <monster>
         <name style="regular">Less than Royal Jelly</name>
         <stats str="3" int="0" chr="0" HP="3" XP="0"/>
      </monster>
      <monster>
         <name style="regular">Dripping Ooze</name>
         <stats str="3" int="0" chr="0" HP="3" XP="0"/>
      </monster>
   </horde>
</DUNGEON>
