
  { "$schema" : "http://json-schema.org/draft-07/schema#",
    "$id" : "urn:example:dragon-schema-schema.json",
    "$comment" : "Dragon Metaschema: JSON Schema",
    "type" : "object",
    "definitions" : 
    { "DUNGEON" : 
      { "title" : "Dungeon",
        "description" : "Where you keep your loot",
        "$id" : "#/definitions/DUNGEON",
        "type" : "object",
        "properties" : 
        { "player-characters" : 
          { "type" : "object",
            "minProperties" : 1,
            "additionalProperties" : 
            { "allOf" : 
              [ 
                { "type" : "object",
                  "$ref" : "#/definitions/PC" },
                
                { "not" : 
                  { "type" : "string" } } ] } },
          "non-player-characters" : 
          { "anyOf" : 
            [ 
              { "$ref" : "#/definitions/NPC" },
              
              { "type" : "array",
                "items" : 
                { "$ref" : "#/definitions/NPC" },
                "minItems" : 2 } ] },
          "monsters" : 
          { "anyOf" : 
            [ 
              { "$ref" : "#/definitions/monster" },
              
              { "type" : "array",
                "items" : 
                { "$ref" : "#/definitions/monster" },
                "minItems" : 2 } ] },
          "treasure" : 
          { "anyOf" : 
            [ 
              { "$ref" : "#/definitions/loot" },
              
              { "type" : "array",
                "items" : 
                { "$ref" : "#/definitions/loot" },
                "minItems" : 2 } ] },
          "squads" : 
          { "anyOf" : 
            [ 
              { "$ref" : "#/definitions/squad" },
              
              { "type" : "array",
                "items" : 
                { "$ref" : "#/definitions/squad" },
                "minItems" : 2 } ] },
          "hordes" : 
          { "anyOf" : 
            [ 
              { "$ref" : "#/definitions/horde" },
              
              { "type" : "array",
                "items" : 
                { "$ref" : "#/definitions/horde" },
                "minItems" : 2 } ] } },
        "additionalProperties" : false },
      "squad" : 
      { "title" : "Squad",
        "description" : "A team of friends, well equipped",
        "$id" : "#/definitions/squad",
        "type" : "object",
        "properties" : 
        { "name" : 
          { "$ref" : "#/definitions/name" },
          "player-characters" : 
          { "type" : "object",
            "minProperties" : 1,
            "additionalProperties" : 
            { "allOf" : 
              [ 
                { "type" : "object",
                  "$ref" : "#/definitions/PC" },
                
                { "not" : 
                  { "type" : "string" } } ] } },
          "non-player-characters" : 
          { "anyOf" : 
            [ 
              { "$ref" : "#/definitions/NPC" },
              
              { "type" : "array",
                "items" : 
                { "$ref" : "#/definitions/NPC" },
                "minItems" : 2 } ] },
          "monsters" : 
          { "anyOf" : 
            [ 
              { "$ref" : "#/definitions/monster" },
              
              { "type" : "array",
                "items" : 
                { "$ref" : "#/definitions/monster" },
                "minItems" : 2 } ] },
          "treasure" : 
          { "anyOf" : 
            [ 
              { "$ref" : "#/definitions/loot" },
              
              { "type" : "array",
                "items" : 
                { "$ref" : "#/definitions/loot" },
                "minItems" : 2 } ] },
          "squads" : 
          { "anyOf" : 
            [ 
              { "$ref" : "#/definitions/squad" },
              
              { "type" : "array",
                "items" : 
                { "$ref" : "#/definitions/squad" },
                "minItems" : 2 } ] } },
        "required" : 
        [ "name",
          "player-characters" ],
        "additionalProperties" : false },
      "horde" : 
      { "title" : "Horde",
        "description" : "Like a squad, but not so good",
        "$id" : "#/definitions/horde",
        "type" : "object",
        "properties" : 
        { "name" : 
          { "$ref" : "#/definitions/name" },
          "non-player-characters" : 
          { "anyOf" : 
            [ 
              { "$ref" : "#/definitions/NPC" },
              
              { "type" : "array",
                "items" : 
                { "$ref" : "#/definitions/NPC" },
                "minItems" : 2 } ] },
          "monsters" : 
          { "type" : "array",
            "minItems" : 3,
            "items" : 
            { "$ref" : "#/definitions/monster" } },
          "treasure" : 
          { "anyOf" : 
            [ 
              { "$ref" : "#/definitions/loot" },
              
              { "type" : "array",
                "items" : 
                { "$ref" : "#/definitions/loot" },
                "minItems" : 2 } ] },
          "hordes" : 
          { "anyOf" : 
            [ 
              { "$ref" : "#/definitions/horde" },
              
              { "type" : "array",
                "items" : 
                { "$ref" : "#/definitions/horde" },
                "minItems" : 2 } ] } },
        "required" : 
        [ "name",
          "monsters" ],
        "additionalProperties" : false },
      "PC" : 
      { "title" : "Player Character",
        "description" : "You, or a friend",
        "$id" : "#/definitions/PC",
        "type" : "object",
        "properties" : 
        { "player" : 
          { "$ref" : "#/definitions/player" },
          "name" : 
          { "$ref" : "#/definitions/name" },
          "stats" : 
          { "$ref" : "#/definitions/stats" },
          "backstory" : 
          { "$ref" : "#/definitions/backstory" },
          "weaponry" : 
          { "anyOf" : 
            [ 
              { "$ref" : "#/definitions/weapon" },
              
              { "type" : "array",
                "items" : 
                { "$ref" : "#/definitions/weapon" },
                "minItems" : 2 } ] },
          "spellery" : 
          { "anyOf" : 
            [ 
              { "$ref" : "#/definitions/spell" },
              
              { "type" : "array",
                "items" : 
                { "$ref" : "#/definitions/spell" },
                "minItems" : 2 } ] },
          "treasure" : 
          { "anyOf" : 
            [ 
              { "$ref" : "#/definitions/loot" },
              
              { "type" : "array",
                "items" : 
                { "$ref" : "#/definitions/loot" },
                "minItems" : 2 } ] } },
        "required" : 
        [ "name" ],
        "additionalProperties" : false },
      "NPC" : 
      { "title" : "Non-player Character",
        "description" : "Maybe a friend, maybe not",
        "$id" : "#/definitions/NPC",
        "type" : "object",
        "properties" : 
        { "name" : 
          { "$ref" : "#/definitions/name" },
          "stats" : 
          { "$ref" : "#/definitions/stats" },
          "backstory" : 
          { "$ref" : "#/definitions/backstory" },
          "weaponry" : 
          { "anyOf" : 
            [ 
              { "$ref" : "#/definitions/weapon" },
              
              { "type" : "array",
                "items" : 
                { "$ref" : "#/definitions/weapon" },
                "minItems" : 2 } ] },
          "spellery" : 
          { "anyOf" : 
            [ 
              { "$ref" : "#/definitions/spell" },
              
              { "type" : "array",
                "items" : 
                { "$ref" : "#/definitions/spell" },
                "minItems" : 2 } ] },
          "treasure" : 
          { "anyOf" : 
            [ 
              { "$ref" : "#/definitions/loot" },
              
              { "type" : "array",
                "items" : 
                { "$ref" : "#/definitions/loot" },
                "minItems" : 2 } ] } },
        "required" : 
        [ "name" ],
        "additionalProperties" : false },
      "monster" : 
      { "title" : "Monster",
        "description" : "Definitely not a friend",
        "$id" : "#/definitions/monster",
        "type" : "object",
        "properties" : 
        { "name" : 
          { "$ref" : "#/definitions/name" },
          "website" : 
          { "$ref" : "#/definitions/website" },
          "stats" : 
          { "$ref" : "#/definitions/stats" },
          "weaponry" : 
          { "anyOf" : 
            [ 
              { "$ref" : "#/definitions/weapon" },
              
              { "type" : "array",
                "items" : 
                { "$ref" : "#/definitions/weapon" },
                "minItems" : 2 } ] },
          "spellery" : 
          { "anyOf" : 
            [ 
              { "$ref" : "#/definitions/spell" },
              
              { "type" : "array",
                "items" : 
                { "$ref" : "#/definitions/spell" },
                "minItems" : 2 } ] },
          "treasure" : 
          { "anyOf" : 
            [ 
              { "$ref" : "#/definitions/loot" },
              
              { "type" : "array",
                "items" : 
                { "$ref" : "#/definitions/loot" },
                "minItems" : 2 } ] } },
        "required" : 
        [ "name" ],
        "additionalProperties" : false },
      "stats" : 
      { "title" : "Statistics",
        "description" : "How figurative are you",
        "$id" : "#/definitions/stats",
        "type" : "object",
        "properties" : 
        { "str" : 
          { "type" : "integer",
            "multipleOf" : 1,
            "minimum" : 0,
            "title" : "Strength",
            "description" : "How much can you lift" },
          "int" : 
          { "type" : "integer",
            "multipleOf" : 1,
            "minimum" : 0,
            "title" : "Intelligence",
            "description" : "How much do you know" },
          "chr" : 
          { "type" : "integer",
            "multipleOf" : 1,
            "minimum" : 0,
            "title" : "Charisma",
            "description" : "Are you irresistible" },
          "HP" : 
          { "type" : "number",
            "pattern" : "(\\+|-)?([0-9]+(\\.[0-9]*)?|\\.[0-9]+)",
            "title" : "Hit Points",
            "description" : "Current maximum" },
          "XP" : 
          { "type" : "number",
            "pattern" : "(\\+|-)?([0-9]+(\\.[0-9]*)?|\\.[0-9]+)",
            "title" : "Experience points",
            "description" : "How many gold pieces, hah" } },
        "additionalProperties" : false },
      "loot" : 
      { "title" : "Treasure",
        "description" : "Money or stuff",
        "$id" : "#/definitions/loot",
        "type" : "string" },
      "website" : 
      { "title" : "Web site",
        "description" : "Home page, front page or social media point of presence",
        "$id" : "#/definitions/website",
        "type" : "string",
        "format" : "uri" },
      "weapon" : 
      { "title" : "Weapon",
        "description" : "A way to inflict harm",
        "$id" : "#/definitions/weapon",
        "type" : "object",
        "properties" : 
        { "effect" : 
          { "type" : "string",
            "title" : "Effect",
            "description" : "What effect does it have?" },
          "STRVALUE" : 
          { "type" : "string" } },
        "required" : 
        [ "STRVALUE" ],
        "additionalProperties" : false },
      "backstory" : 
      { "title" : "Back story",
        "description" : "How things got to be as they are.",
        "$id" : "#/definitions/backstory",
        "type" : "string" },
      "spell" : 
      { "title" : "Spell",
        "description" : "A way to inflict harm without a weapon, or without harm",
        "$id" : "#/definitions/spell",
        "type" : "object",
        "properties" : 
        { "effect" : 
          { "type" : "string",
            "title" : "effect",
            "description" : "damage done..." },
          "STRVALUE" : 
          { "type" : "string" } },
        "required" : 
        [ "STRVALUE" ],
        "additionalProperties" : false },
      "player" : 
      { "title" : "player",
        "description" : "Who plays the position",
        "$id" : "#/definitions/player",
        "type" : "string" },
      "name" : 
      { "title" : "name",
        "description" : "What is it called",
        "$id" : "#/definitions/name",
        "type" : "object",
        "minProperties" : 1,
        "maxProperties" : 1 } },
    "properties" : 
    { "DUNGEON" : 
      { "$ref" : "#/definitions/DUNGEON" } } }