<?xml version="1.0" encoding="UTF-8"?>
<?xml-model href="../lib/metaschema-check.sch" type="application/xml" schematypens="http://purl.oclc.org/dsdl/schematron"?>
<METASCHEMA xmlns:xsi="http://www.w3.org/2001/XMLSchema-instance"
            xmlns="http://csrc.nist.gov/ns/oscal/metaschema/1.0"
            xsi:schemaLocation="http://csrc.nist.gov/ns/oscal/metaschema/1.0 ../lib/metaschema.xsd"
            root="DUNGEON">
   <schema-name>Dragon Metaschema</schema-name>
   <schema-version>0.1alpha</schema-version>
   <short-name>dragon-schema</short-name>
   <namespace>urn:example:dragon-schema</namespace>
   <define-assembly name="DUNGEON">
      <formal-name>Dungeon</formal-name>
      <description>Where you keep your loot</description>
      <model>
         <assembly ref="PC" max-occurs="unbounded">
            <group-as name="player-characters" in-json="BY_KEY" in-xml="GROUPED"/>
         </assembly>
         <assembly ref="NPC" max-occurs="unbounded">
            <group-as name="non-player-characters"/>
         </assembly>
         <assembly ref="monster" max-occurs="unbounded">
            <group-as name="monsters"/>
         </assembly>
         <field ref="loot" max-occurs="unbounded">
            <group-as name="treasure"/>
         </field>
         <assembly ref="squad" max-occurs="unbounded">
            <group-as name="squads"/>
         </assembly>
         <assembly ref="horde" max-occurs="unbounded">
            <group-as name="hordes"/>
         </assembly>
      </model>
   </define-assembly>
   <define-assembly name="squad">
      <formal-name>Squad</formal-name>
      <description>A team of friends, well equipped</description>
      <model>
         <field ref="name" min-occurs="1"/>
         <assembly ref="PC" min-occurs="1" max-occurs="unbounded">
            <group-as name="player-characters" in-json="BY_KEY"/>
         </assembly>
         <assembly ref="NPC" max-occurs="unbounded">
            <group-as name="non-player-characters"/>
         </assembly>
         <assembly ref="monster" max-occurs="unbounded">
            <group-as name="monsters"/>
         </assembly>
         <field ref="loot" max-occurs="unbounded">
            <group-as name="treasure"/>
         </field>
         <assembly ref="squad" max-occurs="unbounded">
            <group-as name="squads"/>
         </assembly>
      </model>
   </define-assembly>
   <define-assembly name="horde">
      <formal-name>Horde</formal-name>
      <description>Like a squad, but not so good</description>
      <model>
         <field ref="name" min-occurs="1"/>
         <assembly ref="NPC" max-occurs="unbounded">
            <group-as name="non-player-characters"/>
         </assembly>
         <assembly ref="monster" min-occurs="3" max-occurs="unbounded">
            <group-as name="monsters"/>
         </assembly>
         <field ref="loot" max-occurs="unbounded">
            <group-as name="treasure"/>
         </field>
         <assembly ref="horde" max-occurs="unbounded">
            <group-as name="hordes"/>
         </assembly>
      </model>
   </define-assembly>
   <define-assembly name="PC">
      <formal-name>Player Character</formal-name>
      <description>You, or a friend</description>
      <json-key flag-name="who"/>
      <flag name="who" as-type="ID">
         <formal-name>Who</formal-name>
         <description>Control ID for a player</description>
      </flag>
      <model>
         <field ref="player"/>
         <field ref="name" min-occurs="1"/>
         <field ref="stats"/>
         <field ref="backstory" in-xml="WITH-WRAPPER"/>
         <field ref="weapon" max-occurs="unbounded">
            <group-as name="weaponry"/>
         </field>
         <field ref="spell" max-occurs="unbounded">
            <group-as name="spellery"/>
         </field>
         <field ref="loot" max-occurs="unbounded">
            <group-as name="treasure"/>
         </field>
      </model>
   </define-assembly>
   <define-assembly name="NPC">
      <formal-name>Non-player Character</formal-name>
      <description>Maybe a friend, maybe not</description>
      <model>
         <field ref="name" min-occurs="1"/>
         <field ref="stats"/>
         <field ref="backstory" in-xml="WITH-WRAPPER"/>
         <field ref="weapon" max-occurs="unbounded">
            <group-as name="weaponry"/>
         </field>
         <field ref="spell" max-occurs="unbounded">
            <group-as name="spellery"/>
         </field>
         <field ref="loot" max-occurs="unbounded">
            <group-as name="treasure"/>
         </field>
      </model>
   </define-assembly>
   <define-assembly name="monster">
      <formal-name>Monster</formal-name>
      <description>Definitely not a friend</description>
      <model>
         <field ref="name" min-occurs="1"/>
         <field ref="website"/>
         <field ref="stats"/>
         <field ref="weapon" max-occurs="unbounded">
            <group-as name="weaponry"/>
         </field>
         <field ref="spell" max-occurs="unbounded">
            <group-as name="spellery"/>
         </field>
         <field ref="loot" max-occurs="unbounded">
            <group-as name="treasure"/>
         </field>
      </model>
   </define-assembly>
   <define-field name="stats" as-type="empty">
      <formal-name>Statistics</formal-name>
      <description>How figurative are you</description>
      <flag ref="str"/>
      <flag ref="int"/>
      <flag ref="chr"/>
      <flag ref="HP"/>
      <flag ref="XP"/>
   </define-field>
   <define-field name="loot" as-type="markup-line">
      <formal-name>Treasure</formal-name>
      <description>Money or stuff</description>
   </define-field>
   <define-field name="website" as-type="uri">
      <formal-name>Web site</formal-name>
      <description>Home page, front page or social media point of presence</description>
   </define-field>
   <define-field name="weapon">
      <formal-name>Weapon</formal-name>
      <description>A way to inflict harm</description>
      <flag ref="effect">
         <formal-name>Effect</formal-name>
         <description>What effect does it have?</description>
      </flag>
   </define-field>
   <define-field name="backstory" as-type="markup-multiline">
      <formal-name>Back story</formal-name>
      <description>How things got to be as they are.</description>
   </define-field>
   <define-field name="spell">
      <formal-name>Spell</formal-name>
      <description>A way to inflict harm without a weapon, or without harm</description>
      <flag ref="effect"/>
   </define-field>
   <define-flag name="effect">
      <formal-name>effect</formal-name>
      <description>damage done...</description>
   </define-flag>
   <define-field name="player">
      <formal-name>player</formal-name>
      <description>Who plays the position</description>
   </define-field>
   <define-field name="name">
      <formal-name>name</formal-name>
      <description>What is it called</description>
      <json-value-key flag-name="style"/>
      <flag name="style" required="yes">
         <formal-name>naming style</formal-name>
         <description>can configure how to display</description>
      </flag>
   </define-field>
   <define-flag name="str" as-type="nonNegativeInteger">
      <formal-name>Strength</formal-name>
      <description>How much can you lift</description>
      <valid-values>
         <value name="eighteen">18</value>
      </valid-values>
   </define-flag>
   <define-flag name="int" as-type="nonNegativeInteger">
      <formal-name>Intelligence</formal-name>
      <description>How much do you know</description>
   </define-flag>
   <define-flag name="chr" as-type="nonNegativeInteger">
      <formal-name>Charisma</formal-name>
      <description>Are you irresistible</description>
   </define-flag>
   <define-flag name="HP" as-type="decimal">
      <formal-name>Hit Points</formal-name>
      <description>Current maximum</description>
   </define-flag>
   <define-flag name="XP" as-type="decimal">
      <formal-name>Experience points</formal-name>
      <description>How many gold pieces, hah</description>
   </define-flag>
   <!--    <define-flag name="effect">
        <formal-name>Effect</formal-name>
        <description>Dice, e.g. 3d6 or 1d20</description>
    </define-flag>
-->
</METASCHEMA>
