<?xml version="1.0" encoding="UTF-8"?>
<map xmlns="http://www.w3.org/2005/xpath-functions">
   <string key="$schema">http://json-schema.org/draft-07/schema#</string>
   <string key="$id">http://csrc.nist.gov/ns/oscal/0.1alpha/dragon-schema-schema.json</string>
   <string key="$comment">Dragon Metaschema: JSON Schema</string>
   <string key="type">object</string>
   <map key="definitions">
      <map key="DUNGEON">
         <string key="title">Dungeon</string>
         <string key="description">Where you keep your loot</string>
         <string key="$id">#/definitions/DUNGEON</string>
         <string key="type">object</string>
         <map key="properties">
            <map key="">
               <array key="anyOf">
                  <map>
                     <string key="type">object</string>
                     <string key="$ref">#/definitions/PC</string>
                  </map>
                  <map>
                     <string key="type">array</string>
                     <map key="items">
                        <string key="$ref">#/definitions/PC</string>
                     </map>
                  </map>
               </array>
            </map>
            <map key="">
               <array key="anyOf">
                  <map>
                     <string key="type">object</string>
                     <string key="$ref">#/definitions/NPC</string>
                  </map>
                  <map>
                     <string key="type">array</string>
                     <map key="items">
                        <string key="$ref">#/definitions/NPC</string>
                     </map>
                  </map>
               </array>
            </map>
            <map key="">
               <array key="anyOf">
                  <map>
                     <string key="type">object</string>
                     <string key="$ref">#/definitions/monster</string>
                  </map>
                  <map>
                     <string key="type">array</string>
                     <map key="items">
                        <string key="$ref">#/definitions/monster</string>
                     </map>
                  </map>
               </array>
            </map>
            <map key="">
               <array key="anyOf">
                  <map>
                     <string key="type">object</string>
                     <string key="$ref">#/definitions/loot</string>
                  </map>
                  <map>
                     <string key="type">array</string>
                     <map key="items">
                        <string key="$ref">#/definitions/loot</string>
                     </map>
                  </map>
               </array>
            </map>
            <map key="">
               <array key="anyOf">
                  <map>
                     <string key="type">object</string>
                     <string key="$ref">#/definitions/squad</string>
                  </map>
                  <map>
                     <string key="type">array</string>
                     <map key="items">
                        <string key="$ref">#/definitions/squad</string>
                     </map>
                  </map>
               </array>
            </map>
            <map key="">
               <array key="anyOf">
                  <map>
                     <string key="type">object</string>
                     <string key="$ref">#/definitions/horde</string>
                  </map>
                  <map>
                     <string key="type">array</string>
                     <map key="items">
                        <string key="$ref">#/definitions/horde</string>
                     </map>
                  </map>
               </array>
            </map>
         </map>
         <boolean key="additionalProperties">false</boolean>
      </map>
      <map key="squad">
         <string key="title">Squad</string>
         <string key="description">A team of friends, well equipped</string>
         <string key="$id">#/definitions/squad</string>
         <string key="type">object</string>
         <map key="properties">
            <map key="name">
               <string key="type">string</string>
               <string key="$ref">#/definitions/name</string>
            </map>
            <map key="">
               <array key="anyOf">
                  <map>
                     <string key="type">object</string>
                     <string key="$ref">#/definitions/PC</string>
                  </map>
                  <map>
                     <string key="type">array</string>
                     <map key="items">
                        <string key="$ref">#/definitions/PC</string>
                     </map>
                  </map>
               </array>
            </map>
            <map key="">
               <array key="anyOf">
                  <map>
                     <string key="type">object</string>
                     <string key="$ref">#/definitions/NPC</string>
                  </map>
                  <map>
                     <string key="type">array</string>
                     <map key="items">
                        <string key="$ref">#/definitions/NPC</string>
                     </map>
                  </map>
               </array>
            </map>
            <map key="">
               <array key="anyOf">
                  <map>
                     <string key="type">object</string>
                     <string key="$ref">#/definitions/monster</string>
                  </map>
                  <map>
                     <string key="type">array</string>
                     <map key="items">
                        <string key="$ref">#/definitions/monster</string>
                     </map>
                  </map>
               </array>
            </map>
            <map key="">
               <array key="anyOf">
                  <map>
                     <string key="type">object</string>
                     <string key="$ref">#/definitions/loot</string>
                  </map>
                  <map>
                     <string key="type">array</string>
                     <map key="items">
                        <string key="$ref">#/definitions/loot</string>
                     </map>
                  </map>
               </array>
            </map>
            <map key="">
               <array key="anyOf">
                  <map>
                     <string key="type">object</string>
                     <string key="$ref">#/definitions/squad</string>
                  </map>
                  <map>
                     <string key="type">array</string>
                     <map key="items">
                        <string key="$ref">#/definitions/squad</string>
                     </map>
                  </map>
               </array>
            </map>
         </map>
         <array key="required">
            <string>name</string>
            <string>PC</string>
         </array>
         <boolean key="additionalProperties">false</boolean>
      </map>
      <map key="horde">
         <string key="title">Horde</string>
         <string key="description">Like a squad, but not so good</string>
         <string key="$id">#/definitions/horde</string>
         <string key="type">object</string>
         <map key="properties">
            <map key="name">
               <string key="type">string</string>
               <string key="$ref">#/definitions/name</string>
            </map>
            <map key="">
               <array key="anyOf">
                  <map>
                     <string key="type">object</string>
                     <string key="$ref">#/definitions/NPC</string>
                  </map>
                  <map>
                     <string key="type">array</string>
                     <map key="items">
                        <string key="$ref">#/definitions/NPC</string>
                     </map>
                  </map>
               </array>
            </map>
            <map key="">
               <string key="type">array</string>
               <number key="minItems">3</number>
               <map key="items">
                  <string key="$ref">#/definitions/monster</string>
               </map>
            </map>
            <map key="">
               <array key="anyOf">
                  <map>
                     <string key="type">object</string>
                     <string key="$ref">#/definitions/loot</string>
                  </map>
                  <map>
                     <string key="type">array</string>
                     <map key="items">
                        <string key="$ref">#/definitions/loot</string>
                     </map>
                  </map>
               </array>
            </map>
            <map key="">
               <array key="anyOf">
                  <map>
                     <string key="type">object</string>
                     <string key="$ref">#/definitions/horde</string>
                  </map>
                  <map>
                     <string key="type">array</string>
                     <map key="items">
                        <string key="$ref">#/definitions/horde</string>
                     </map>
                  </map>
               </array>
            </map>
         </map>
         <array key="required">
            <string>name</string>
            <string>monster</string>
         </array>
         <boolean key="additionalProperties">false</boolean>
      </map>
      <map key="PC">
         <string key="title">Player Character</string>
         <string key="description">You, or a friend</string>
         <string key="$id">#/definitions/PC</string>
         <string key="type">object</string>
         <map key="properties">
            <map key="player">
               <string key="type">string</string>
               <string key="$ref">#/definitions/player</string>
            </map>
            <map key="name">
               <string key="type">string</string>
               <string key="$ref">#/definitions/name</string>
            </map>
            <map key="stats">
               <string key="type">string</string>
               <string key="$ref">#/definitions/stats</string>
            </map>
            <map key="">
               <array key="anyOf">
                  <map>
                     <string key="type">object</string>
                     <string key="$ref">#/definitions/weapon</string>
                  </map>
                  <map>
                     <string key="type">array</string>
                     <map key="items">
                        <string key="$ref">#/definitions/weapon</string>
                     </map>
                  </map>
               </array>
            </map>
            <map key="">
               <array key="anyOf">
                  <map>
                     <string key="type">object</string>
                     <string key="$ref">#/definitions/spell</string>
                  </map>
                  <map>
                     <string key="type">array</string>
                     <map key="items">
                        <string key="$ref">#/definitions/spell</string>
                     </map>
                  </map>
               </array>
            </map>
            <map key="">
               <array key="anyOf">
                  <map>
                     <string key="type">object</string>
                     <string key="$ref">#/definitions/loot</string>
                  </map>
                  <map>
                     <string key="type">array</string>
                     <map key="items">
                        <string key="$ref">#/definitions/loot</string>
                     </map>
                  </map>
               </array>
            </map>
         </map>
         <array key="required">
            <string>player</string>
            <string>name</string>
            <string>stats</string>
         </array>
         <boolean key="additionalProperties">false</boolean>
      </map>
      <map key="NPC">
         <string key="title">Non-player Character</string>
         <string key="description">Maybe a friend, maybe not</string>
         <string key="$id">#/definitions/NPC</string>
         <string key="type">object</string>
         <map key="properties">
            <map key="name">
               <string key="type">string</string>
               <string key="$ref">#/definitions/name</string>
            </map>
            <map key="stats">
               <string key="type">string</string>
               <string key="$ref">#/definitions/stats</string>
            </map>
            <map key="">
               <array key="anyOf">
                  <map>
                     <string key="type">object</string>
                     <string key="$ref">#/definitions/weapon</string>
                  </map>
                  <map>
                     <string key="type">array</string>
                     <map key="items">
                        <string key="$ref">#/definitions/weapon</string>
                     </map>
                  </map>
               </array>
            </map>
            <map key="">
               <array key="anyOf">
                  <map>
                     <string key="type">object</string>
                     <string key="$ref">#/definitions/spell</string>
                  </map>
                  <map>
                     <string key="type">array</string>
                     <map key="items">
                        <string key="$ref">#/definitions/spell</string>
                     </map>
                  </map>
               </array>
            </map>
            <map key="">
               <array key="anyOf">
                  <map>
                     <string key="type">object</string>
                     <string key="$ref">#/definitions/loot</string>
                  </map>
                  <map>
                     <string key="type">array</string>
                     <map key="items">
                        <string key="$ref">#/definitions/loot</string>
                     </map>
                  </map>
               </array>
            </map>
         </map>
         <array key="required">
            <string>name</string>
            <string>stats</string>
         </array>
         <boolean key="additionalProperties">false</boolean>
      </map>
      <map key="monster">
         <string key="title">Monster</string>
         <string key="description">Definitely not a friend</string>
         <string key="$id">#/definitions/monster</string>
         <string key="type">object</string>
         <map key="properties">
            <map key="name">
               <string key="type">string</string>
               <string key="$ref">#/definitions/name</string>
            </map>
            <map key="stats">
               <string key="type">string</string>
               <string key="$ref">#/definitions/stats</string>
            </map>
            <map key="">
               <array key="anyOf">
                  <map>
                     <string key="type">object</string>
                     <string key="$ref">#/definitions/weapon</string>
                  </map>
                  <map>
                     <string key="type">array</string>
                     <map key="items">
                        <string key="$ref">#/definitions/weapon</string>
                     </map>
                  </map>
               </array>
            </map>
            <map key="">
               <array key="anyOf">
                  <map>
                     <string key="type">object</string>
                     <string key="$ref">#/definitions/spell</string>
                  </map>
                  <map>
                     <string key="type">array</string>
                     <map key="items">
                        <string key="$ref">#/definitions/spell</string>
                     </map>
                  </map>
               </array>
            </map>
            <map key="">
               <array key="anyOf">
                  <map>
                     <string key="type">object</string>
                     <string key="$ref">#/definitions/loot</string>
                  </map>
                  <map>
                     <string key="type">array</string>
                     <map key="items">
                        <string key="$ref">#/definitions/loot</string>
                     </map>
                  </map>
               </array>
            </map>
         </map>
         <array key="required">
            <string>name</string>
            <string>stats</string>
         </array>
         <boolean key="additionalProperties">false</boolean>
      </map>
      <map key="stats">
         <string key="title">Statistics</string>
         <string key="description">How figurative are you</string>
         <string key="$id">#/definitions/stats</string>
         <string key="type">object</string>
         <map key="properties">
            <map key="str">
               <string key="type">string</string>
               <string key="title">Strength</string>
               <string key="description">How much can you lift</string>
            </map>
            <map key="int">
               <string key="type">string</string>
               <string key="title">Intelligence</string>
               <string key="description">How much do you know</string>
            </map>
            <map key="chr">
               <string key="type">string</string>
               <string key="title">Charisma</string>
               <string key="description">Are you irresistible</string>
            </map>
            <map key="combat-coefficient">
               <string key="type">string</string>
               <string key="title">Combat coefficient</string>
               <string key="description">Everyone else's damage inflicted gets modified by this coefficient, heh.</string>
            </map>
            <map key="HP">
               <string key="type">string</string>
               <string key="title">Hit Points</string>
               <string key="description">Current maximum</string>
            </map>
            <map key="XP">
               <string key="type">string</string>
               <string key="title">Experience points</string>
               <string key="description">How many gold pieces, hah</string>
            </map>
            <map key="STRVALUE">
               <array key="anyOf">
                  <map>
                     <string key="type">string</string>
                  </map>
                  <map>
                     <string key="type">array</string>
                     <map key="items">
                        <string key="type">string</string>
                     </map>
                  </map>
               </array>
            </map>
         </map>
         <boolean key="additionalProperties">false</boolean>
      </map>
      <map key="loot">
         <string key="title">Treasure</string>
         <string key="description">Money or stuff</string>
         <string key="$id">#/definitions/loot</string>
         <string key="type">string</string>
      </map>
      <map key="weapon">
         <string key="title">Weapon</string>
         <string key="description">A way to inflict harm</string>
         <string key="$id">#/definitions/weapon</string>
         <string key="type">object</string>
         <map key="properties">
            <map key="effect">
               <string key="type">string</string>
               <string key="title">Effect</string>
               <string key="description">What effect does it have?</string>
            </map>
            <map key="STRVALUE">
               <array key="anyOf">
                  <map>
                     <string key="type">string</string>
                  </map>
                  <map>
                     <string key="type">array</string>
                     <map key="items">
                        <string key="type">string</string>
                     </map>
                  </map>
               </array>
            </map>
         </map>
         <boolean key="additionalProperties">false</boolean>
      </map>
      <map key="spell">
         <string key="title">Spell</string>
         <string key="description">A way to inflict harm without a weapon, or without harm</string>
         <string key="$id">#/definitions/spell</string>
         <string key="type">object</string>
         <map key="properties">
            <map key="effect">
               <string key="type">string</string>
               <string key="title">effect</string>
               <string key="description">damage done...</string>
            </map>
            <map key="STRVALUE">
               <array key="anyOf">
                  <map>
                     <string key="type">string</string>
                  </map>
                  <map>
                     <string key="type">array</string>
                     <map key="items">
                        <string key="type">string</string>
                     </map>
                  </map>
               </array>
            </map>
         </map>
         <boolean key="additionalProperties">false</boolean>
      </map>
      <map key="player">
         <string key="title">player</string>
         <string key="description">Who plays the position</string>
         <string key="$id">#/definitions/player</string>
         <string key="type">string</string>
      </map>
      <map key="name">
         <string key="title">name</string>
         <string key="description">What is it called</string>
         <string key="$id">#/definitions/name</string>
         <string key="type">string</string>
      </map>
      <map key="prose">
         <array key="anyOf">
            <map>
               <string key="type">string</string>
            </map>
            <map>
               <string key="type">array</string>
               <map key="items">
                  <string key="type">string</string>
               </map>
            </map>
         </array>
      </map>
   </map>
   <map key="properties">
      <map key="DUNGEON">
         <string key="$ref">#/definitions/DUNGEON</string>
      </map>
   </map>
</map>
